datetime,pm10,temperature_2m,relative_humidity_2m,precipitation,wind_speed_10m
2025-11-03 02:00:00,6.711,8.1,96,0.9,17.3
2025-11-03 03:00:00,3.683,7.9,96,0.4,16.4
2025-11-03 04:00:00,1.773,7.5,94,0.2,21.1
2025-11-03 05:00:00,4.527,6.8,97,0.1,20.0
2025-11-03 06:00:00,1.79,6.2,96,0.1,18.3
2025-11-03 07:00:00,1.795,6.2,96,0.0,16.6
2025-11-03 08:00:00,1.799,6.2,97,0.0,17.3
2025-11-03 09:00:00,6.591,6.9,92,0.1,18.2
2025-11-03 10:00:00,5.043,7.5,85,0.1,18.6
2025-11-03 11:00:00,6.786,8.4,75,0.2,20.5
2025-11-03 12:00:00,1.813,8.9,68,0.2,18.6
2025-11-03 13:00:00,4.733,9.1,61,0.0,20.0
2025-11-03 14:00:00,6.946,9.6,57,0.0,20.8
2025-11-03 15:00:00,7.764,9.2,59,0.0,18.5
2025-11-03 16:00:00,8.461,8.4,67,0.0,15.0
2025-11-03 17:00:00,9.739,7.2,72,0.0,14.4
2025-11-03 18:00:00,9.644,6.7,74,0.0,14.4
2025-11-03 19:00:00,11.465,6.5,78,0.0,14.9
2025-11-03 20:00:00,13.851,6.8,79,0.0,16.5
2025-11-03 22:00:00,8.144,6.3,90,0.0,17.1
2025-11-03 23:00:00,8.125,6.3,90,0.0,17.4
2025-11-04 00:00:00,7.688,6.6,88,0.0,18.2
2025-11-04 01:00:00,4.767,7.1,87,0.0,17.4
2025-11-04 03:00:00,1.816,6.8,89,0.0,15.9
2025-11-04 04:00:00,5.418,6.7,91,0.0,15.7
2025-11-04 05:00:00,5.631,6.6,91,0.0,16.0
2025-11-04 06:00:00,6.733,6.5,91,0.0,15.8
2025-11-04 07:00:00,6.116,6.9,91,0.0,15.4
2025-11-04 08:00:00,9.807,7.6,87,0.0,14.7
2025-11-04 09:00:00,12.818,9.1,84,0.0,12.4
2025-11-04 10:00:00,12.392,10.8,78,0.0,13.4
2025-11-04 11:00:00,13.102,11.9,72,0.0,14.1
2025-11-04 12:00:00,11.678,12.6,67,0.0,13.6
2025-11-04 13:00:00,12.313,13.2,63,0.0,12.7
2025-11-04 14:00:00,11.095,13.1,63,0.0,11.3
2025-11-04 15:00:00,4.482,12.6,68,0.0,9.0
2025-11-04 16:00:00,9.231,10.8,77,0.0,6.8
2025-11-04 17:00:00,13.828,9.1,82,0.0,8.0
2025-11-04 18:00:00,13.95,8.4,82,0.0,7.6
2025-11-04 19:00:00,15.074,7.1,86,0.0,8.4
2025-11-04 20:00:00,15.532,6.2,89,0.0,8.4
2025-11-04 21:00:00,18.418,6.0,89,0.0,10.0
2025-11-04 22:00:00,15.566,6.2,86,0.0,11.2
2025-11-04 23:00:00,13.641,6.3,84,0.0,12.0
2025-11-05 00:00:00,14.367,6.4,81,0.0,11.9
2025-11-05 01:00:00,11.224,6.4,76,0.0,11.0
2025-11-05 02:00:00,7.941,6.1,76,0.0,11.2
2025-11-05 03:00:00,8.03,5.6,76,0.0,11.5
2025-11-05 04:00:00,8.439,5.3,76,0.0,11.9
2025-11-05 05:00:00,5.508,4.9,77,0.0,11.4
2025-11-05 06:00:00,5.036,4.8,77,0.0,12.4
2025-11-05 07:00:00,8.927,4.9,75,0.0,12.0
2025-11-05 08:00:00,11.673,5.6,74,0.0,12.7
2025-11-05 09:00:00,14.535,8.1,68,0.0,11.6
2025-11-05 10:00:00,25.378,10.9,68,0.0,8.9
2025-11-05 11:00:00,27.588,13.9,65,0.0,6.2
2025-11-05 12:00:00,24.377,15.9,59,0.0,1.8
2025-11-05 14:00:00,15.715,16.6,56,0.0,3.5
2025-11-05 15:00:00,20.512,15.6,71,0.0,3.4
2025-11-05 16:00:00,12.916,12.6,72,0.0,7.5
2025-11-05 17:00:00,11.238,10.2,70,0.0,12.7
2025-11-05 18:00:00,15.44,8.1,70,0.0,13.0
2025-11-05 19:00:00,14.127,7.5,66,0.0,12.7
2025-11-05 20:00:00,20.876,6.8,67,0.0,11.5
2025-11-05 21:00:00,17.56,6.2,71,0.0,10.3
2025-11-05 22:00:00,13.068,5.9,75,0.0,9.8
2025-11-05 23:00:00,9.219,5.8,78,0.0,9.0
2025-11-06 00:00:00,14.856,5.4,79,0.0,8.4
2025-11-06 01:00:00,16.807,6.4,78,0.0,12.2
2025-11-06 02:00:00,15.861,6.4,81,0.0,13.9
2025-11-06 03:00:00,11.897,6.5,79,0.0,14.6
2025-11-06 04:00:00,10.324,6.3,77,0.0,12.7
2025-11-06 05:00:00,7.661,5.2,80,0.0,7.8
2025-11-06 07:00:00,8.004,4.8,74,0.0,6.4
2025-11-06 08:00:00,7.031,5.4,75,0.0,6.4
2025-11-06 09:00:00,13.036,8.4,67,0.0,8.9
2025-11-06 10:00:00,19.507,9.6,62,0.0,7.6
2025-11-06 11:00:00,15.778,10.1,64,0.0,8.9
2025-11-06 12:00:00,12.122,10.6,65,0.0,10.1
2025-11-06 13:00:00,15.966,11.4,64,0.0,8.8
2025-11-06 14:00:00,16.695,11.4,65,0.0,7.9
2025-11-06 15:00:00,10.823,10.7,68,0.0,7.2
2025-11-06 16:00:00,11.673,8.6,75,0.0,6.8
2025-11-06 17:00:00,18.045,6.4,78,0.0,10.0
2025-11-06 18:00:00,19.291,5.3,80,0.0,11.4
2025-11-06 19:00:00,16.954,4.4,84,0.0,11.2
2025-11-06 20:00:00,21.204,4.8,85,0.0,10.5
2025-11-06 22:00:00,25.0,5.6,87,0.0,9.6
2025-11-06 23:00:00,25.915,5.4,88,0.0,9.6
2025-11-07 00:00:00,24.011,5.3,89,0.0,10.6
2025-11-07 01:00:00,20.092,4.3,92,0.0,9.4
2025-11-07 02:00:00,23.243,4.4,92,0.0,10.5
2025-11-07 03:00:00,20.898,4.5,91,0.0,10.2
2025-11-07 04:00:00,19.354,3.9,92,0.0,7.6
2025-11-07 05:00:00,19.456,3.3,92,0.0,7.9
2025-11-07 06:00:00,21.729,2.8,94,0.0,7.7
2025-11-07 07:00:00,25.044,1.6,97,0.0,5.2
2025-11-07 08:00:00,25.753,2.0,98,0.0,7.8
2025-11-07 09:00:00,34.402,4.6,91,0.0,8.9
2025-11-07 10:00:00,35.633,7.4,83,0.0,8.5
2025-11-07 11:00:00,26.027,9.0,75,0.0,9.0
2025-11-07 12:00:00,22.464,9.6,72,0.0,7.8
2025-11-07 13:00:00,21.473,10.1,69,0.0,5.2
2025-11-07 14:00:00,24.344,10.0,69,0.0,6.5
2025-11-07 15:00:00,22.857,9.3,69,0.0,8.6
2025-11-07 16:00:00,22.634,7.7,76,0.0,7.5
2025-11-07 17:00:00,24.094,6.2,80,0.0,9.3
2025-11-07 18:00:00,25.781,5.4,83,0.0,8.1
2025-11-07 19:00:00,26.152,4.2,89,0.0,4.8
2025-11-07 20:00:00,32.032,2.9,93,0.0,3.7
2025-11-08 01:00:00,37.135,1.5,92,0.0,2.3
2025-11-08 02:00:00,40.266,0.6,95,0.0,4.2
2025-11-08 03:00:00,39.454,0.3,98,0.0,5.0
2025-11-08 04:00:00,32.58,0.2,99,0.0,4.8
2025-11-08 05:00:00,30.481,0.2,99,0.0,4.6
2025-11-08 06:00:00,30.247,-0.2,99,0.0,4.4
2025-11-08 07:00:00,30.8,0.2,100,0.0,4.2
2025-11-08 08:00:00,26.847,0.9,100,0.0,5.7
2025-11-08 09:00:00,24.951,3.2,98,0.0,4.8
2025-11-08 10:00:00,26.903,5.1,90,0.0,5.3
2025-11-08 11:00:00,30.197,6.0,87,0.0,4.4
2025-11-08 12:00:00,27.992,6.5,86,0.0,2.5
2025-11-08 13:00:00,18.354,6.3,83,0.0,3.1
2025-11-08 14:00:00,16.244,6.5,83,0.0,5.3
2025-11-08 15:00:00,19.387,6.2,86,0.0,7.6
2025-11-08 16:00:00,19.093,5.4,88,0.0,6.7
2025-11-08 17:00:00,19.615,4.7,93,0.0,3.3
2025-11-08 18:00:00,19.541,4.4,93,0.0,2.3
2025-11-08 19:00:00,22.578,4.5,87,0.0,6.0
2025-11-08 22:00:00,19.468,4.5,85,0.0,7.5
2025-11-08 23:00:00,18.841,4.2,87,0.0,6.5
2025-11-09 00:00:00,18.801,4.2,87,0.0,7.5
2025-11-09 01:00:00,16.652,4.2,89,0.0,7.2
2025-11-09 02:00:00,17.074,4.3,87,0.0,7.5
2025-11-09 03:00:00,19.091,4.1,89,0.3,7.2
2025-11-09 04:00:00,14.274,3.8,96,1.3,10.0
2025-11-09 05:00:00,10.216,4.0,94,0.1,10.5
2025-11-09 06:00:00,10.232,4.0,95,0.0,8.7
2025-11-09 07:00:00,10.286,4.2,96,0.0,7.7
2025-11-09 08:00:00,10.985,4.6,96,0.0,7.1
2025-11-09 09:00:00,11.952,5.3,94,0.0,6.7
2025-11-09 10:00:00,12.562,6.1,91,0.0,8.9
2025-11-09 11:00:00,14.065,6.5,90,0.0,9.4
2025-11-09 12:00:00,14.509,6.9,88,0.1,9.7
2025-11-09 13:00:00,12.402,6.9,89,0.0,8.9
2025-11-09 14:00:00,15.42,7.0,89,0.0,9.2
2025-11-09 15:00:00,17.834,6.8,91,0.0,9.0
2025-11-09 16:00:00,23.438,6.5,93,0.1,7.0
2025-11-09 17:00:00,19.525,6.3,95,0.1,7.1
2025-11-09 18:00:00,16.538,6.4,96,0.0,8.0
2025-11-09 19:00:00,18.258,6.6,99,0.4,7.8
2025-11-09 20:00:00,8.718,6.6,99,0.6,7.8
2025-11-09 22:00:00,28.177,6.3,100,0.0,8.4
2025-11-09 23:00:00,26.288,6.3,99,0.0,9.5
2025-11-10 00:00:00,22.321,6.3,98,0.0,10.6
2025-11-10 01:00:00,16.706,6.4,99,0.0,9.7
2025-11-10 02:00:00,15.876,6.3,99,0.0,9.3
2025-11-10 03:00:00,17.129,6.5,99,0.0,9.5
2025-11-10 04:00:00,13.688,6.6,98,0.0,9.8
2025-11-10 05:00:00,11.979,6.5,99,0.0,10.2
2025-11-10 06:00:00,10.914,6.3,100,0.2,9.7
2025-11-10 07:00:00,12.697,6.5,100,0.2,9.5
2025-11-10 08:00:00,16.229,6.8,99,0.3,9.3
2025-11-10 09:00:00,17.462,6.9,99,0.0,11.8
2025-11-10 10:00:00,22.324,7.0,99,0.0,11.3
2025-11-10 11:00:00,20.581,7.2,97,0.0,11.3
2025-11-10 12:00:00,20.73,7.9,89,0.0,9.7
2025-11-10 13:00:00,15.684,8.4,91,0.0,6.9
2025-11-10 14:00:00,16.724,8.9,87,0.0,6.7
2025-11-10 15:00:00,18.145,8.9,85,0.0,7.0
2025-11-10 16:00:00,16.917,7.8,92,0.0,4.3
2025-11-10 17:00:00,20.158,6.2,94,0.0,4.5
2025-11-10 18:00:00,22.396,5.3,95,0.0,4.8
2025-11-10 19:00:00,25.125,5.4,96,0.0,5.0
2025-11-10 20:00:00,30.558,4.7,96,0.0,5.9
2025-11-10 21:00:00,29.934,4.7,96,0.0,8.6
2025-11-10 22:00:00,28.326,4.8,94,0.0,10.3
2025-11-10 23:00:00,33.02,4.8,95,0.0,10.7
2025-11-11 00:00:00,27.502,5.0,95,0.0,12.5
2025-11-11 01:00:00,25.973,4.6,94,0.0,14.4
2025-11-11 02:00:00,25.766,4.8,95,0.0,13.8
2025-11-11 03:00:00,24.141,5.8,95,0.0,12.5
2025-11-11 04:00:00,15.81,6.1,94,0.0,15.0
2025-11-11 05:00:00,13.34,5.8,95,0.0,15.6
2025-11-11 06:00:00,12.851,5.7,94,0.0,16.5
2025-11-11 07:00:00,11.569,5.7,95,0.1,16.6
2025-11-11 08:00:00,14.161,6.3,94,0.5,17.5
2025-11-11 09:00:00,12.068,7.1,93,0.0,16.9
2025-11-11 10:00:00,17.894,7.6,91,0.0,19.5
2025-11-11 15:00:00,4.364,9.5,75,0.0,14.2
2025-11-11 16:00:00,4.34,8.6,78,0.0,11.1
2025-11-11 17:00:00,12.739,7.1,85,0.0,10.8
2025-11-11 18:00:00,16.143,6.7,86,0.0,12.7
2025-11-11 19:00:00,12.765,6.7,88,0.0,10.7
2025-11-11 20:00:00,15.028,6.4,90,0.0,12.2
2025-11-11 22:00:00,20.227,5.9,90,0.0,9.9
2025-11-11 23:00:00,20.594,5.8,90,0.0,10.1
2025-11-12 00:00:00,19.444,5.8,90,0.0,10.4
2025-11-12 01:00:00,17.473,5.2,89,0.0,9.9
2025-11-12 02:00:00,18.697,4.8,90,0.0,9.6
2025-11-12 03:00:00,20.115,4.2,90,0.0,8.5
2025-11-12 04:00:00,13.43,4.3,90,0.0,10.6
2025-11-12 05:00:00,7.72,4.3,90,0.0,10.8
2025-11-12 06:00:00,11.54,4.0,91,0.0,10.8
2025-11-12 07:00:00,11.289,3.9,92,0.0,12.5
2025-11-12 08:00:00,16.702,4.7,92,0.0,13.1
2025-11-12 09:00:00,28.314,6.8,87,0.0,13.3
2025-11-12 11:00:00,23.715,11.2,74,0.0,11.2
2025-11-12 12:00:00,16.839,12.1,72,0.0,11.0
2025-11-12 13:00:00,19.605,13.4,65,0.0,9.7
2025-11-12 19:00:00,19.18,8.9,71,0.0,13.9
2025-11-12 20:00:00,22.239,9.2,67,0.0,15.7
2025-11-12 21:00:00,20.067,9.9,62,0.0,16.0
2025-11-12 22:00:00,14.196,10.4,57,0.0,16.9
2025-11-12 23:00:00,12.335,10.5,55,0.0,17.5
2025-11-13 00:00:00,15.538,10.6,54,0.0,18.1
2025-11-13 01:00:00,12.302,10.4,55,0.0,18.0
2025-11-13 02:00:00,10.202,10.9,54,0.0,19.6
2025-11-13 03:00:00,7.16,10.7,56,0.0,17.8
2025-11-13 04:00:00,4.338,10.4,58,0.0,16.9
2025-11-13 05:00:00,6.587,10.4,57,0.0,17.1
2025-11-13 07:00:00,7.094,11.1,54,0.0,14.8
2025-11-13 08:00:00,14.994,12.1,52,0.0,17.9
2025-11-13 09:00:00,23.872,13.8,51,0.0,19.2
2025-11-13 10:00:00,30.5,15.6,49,0.0,19.7
2025-11-13 11:00:00,23.319,17.0,46,0.0,19.9
2025-11-13 12:00:00,17.796,17.5,45,0.0,19.7
2025-11-13 13:00:00,19.085,17.1,45,0.0,18.4
2025-11-13 14:00:00,14.283,16.2,45,0.0,22.2
2025-11-13 15:00:00,24.5,15.1,49,0.0,21.7
2025-11-13 16:00:00,16.552,14.1,54,0.0,19.1
2025-11-13 17:00:00,17.214,13.4,53,0.0,20.5
2025-11-13 18:00:00,21.27,12.9,53,0.0,19.8
2025-11-13 19:00:00,17.649,12.8,55,0.0,18.6
2025-11-13 20:00:00,5.682,13.2,53,0.0,19.3
2025-11-13 22:00:00,14.299,12.8,56,0.0,17.2
2025-11-13 23:00:00,15.065,12.6,57,0.0,14.2
2025-11-14 01:00:00,9.063,12.0,57,0.0,13.6
2025-11-14 02:00:00,10.615,12.1,57,0.0,12.2
2025-11-14 03:00:00,15.172,13.1,52,0.0,16.3
2025-11-14 06:00:00,8.719,11.2,56,0.0,8.6
2025-11-14 07:00:00,7.686,12.4,53,0.0,12.6
2025-11-14 08:00:00,17.601,13.9,48,0.0,13.9
2025-11-14 09:00:00,23.003,13.8,52,0.0,10.5
2025-11-14 10:00:00,34.868,14.8,53,0.0,9.2
2025-11-14 12:00:00,35.957,17.8,39,0.0,16.5
2025-11-14 13:00:00,33.978,16.9,41,0.0,16.7
2025-11-14 15:00:00,23.371,15.6,41,0.0,17.9
2025-11-14 17:00:00,36.703,13.2,46,0.0,17.5
2025-11-14 18:00:00,25.88,12.9,47,0.0,16.9
2025-11-14 19:00:00,23.762,12.8,50,0.0,15.1
2025-11-14 20:00:00,22.62,12.3,52,0.0,12.3
2025-11-14 22:00:00,21.319,10.3,60,0.0,9.5
2025-11-14 23:00:00,24.311,10.2,60,0.0,7.0
2025-11-15 00:00:00,26.533,10.8,59,0.0,7.0
2025-11-15 01:00:00,29.394,10.8,63,0.0,5.8
2025-11-15 02:00:00,23.991,10.3,65,0.0,5.2
2025-11-15 03:00:00,23.409,10.5,66,0.0,5.3
2025-11-15 04:00:00,22.707,9.4,73,0.0,7.0
2025-11-15 05:00:00,19.169,9.4,77,0.1,1.9
2025-11-15 06:00:00,16.625,8.5,82,0.0,0.9
2025-11-15 08:00:00,17.021,7.3,91,0.0,6.5
2025-11-15 09:00:00,14.567,7.9,90,0.0,8.8
2025-11-15 10:00:00,9.306,8.6,85,0.0,8.2
2025-11-15 11:00:00,12.451,9.1,83,0.0,5.3
2025-11-15 12:00:00,12.877,9.4,82,0.0,6.4
2025-11-15 13:00:00,21.102,10.9,79,0.0,7.2
2025-11-15 14:00:00,19.387,10.4,83,0.0,6.7
2025-11-15 15:00:00,19.873,9.7,84,0.0,5.5
2025-11-15 16:00:00,17.612,9.1,88,0.1,3.8
2025-11-15 17:00:00,20.232,9.2,88,0.2,7.8
2025-11-15 18:00:00,28.587,8.8,93,0.3,9.8
2025-11-15 19:00:00,24.389,9.1,94,0.7,9.3
2025-11-15 20:00:00,27.077,8.6,96,0.1,3.3
2025-11-15 22:00:00,25.128,7.6,99,1.4,3.9
2025-11-15 23:00:00,28.091,7.4,99,0.4,5.5
2025-11-16 00:00:00,15.003,7.8,98,0.1,9.7
2025-11-16 01:00:00,17.987,6.6,99,0.1,5.8
2025-11-16 02:00:00,22.817,6.2,99,0.2,8.1
2025-11-16 04:00:00,25.265,6.7,93,0.0,12.7
2025-11-16 05:00:00,24.159,6.8,89,0.0,13.7
2025-11-16 11:00:00,23.833,11.5,77,0.0,14.6
2025-11-16 12:00:00,18.348,12.1,74,0.0,15.5
2025-11-16 13:00:00,11.292,12.1,72,0.0,14.8
2025-11-16 15:00:00,11.527,11.4,75,0.0,13.1
2025-11-16 22:00:00,13.315,7.1,95,0.1,10.4
2025-11-16 23:00:00,12.572,6.2,100,0.1,10.1
2025-11-17 00:00:00,8.268,5.2,97,0.1,9.4
2025-11-17 01:00:00,11.043,4.3,98,0.0,12.0
2025-11-17 02:00:00,1.827,4.2,98,0.5,10.3
2025-11-17 03:00:00,1.836,3.8,98,0.9,9.5
2025-11-17 04:00:00,1.84,3.4,98,0.7,11.0
2025-11-17 05:00:00,1.848,2.7,99,1.0,12.0
2025-11-17 06:00:00,1.87,1.9,100,0.8,8.9
2025-11-17 07:00:00,1.876,1.5,93,0.3,5.6
2025-11-17 08:00:00,3.883,1.6,91,0.1,6.5
2025-11-17 09:00:00,6.034,1.9,92,0.0,7.3
2025-11-17 10:00:00,12.648,2.6,86,0.0,11.0
2025-11-17 11:00:00,10.101,3.0,85,0.0,14.2
2025-11-17 12:00:00,10.775,3.3,84,0.0,13.6
2025-11-17 13:00:00,12.424,2.9,92,0.0,15.0
2025-11-17 14:00:00,14.769,1.6,100,0.8,15.6
2025-11-17 15:00:00,7.56,1.6,100,0.7,15.9
2025-11-17 16:00:00,6.255,1.5,100,0.5,13.9
2025-11-17 17:00:00,9.77,0.9,100,1.0,12.8
2025-11-17 18:00:00,1.892,0.9,100,0.6,11.8
2025-11-17 20:00:00,4.953,0.6,100,0.0,14.9
2025-11-17 21:00:00,7.19,0.6,100,0.0,13.6
2025-11-17 23:00:00,5.351,0.2,99,0.0,15.6
2025-11-18 00:00:00,4.451,0.0,99,0.0,14.4
2025-11-18 01:00:00,7.494,-0.1,98,0.0,14.2
2025-11-18 02:00:00,5.923,-0.3,98,0.0,14.8
2025-11-18 03:00:00,7.992,-0.6,99,0.0,15.5
2025-11-18 04:00:00,7.966,-0.9,98,0.0,15.9
2025-11-18 05:00:00,9.181,-1.2,95,0.0,15.2
2025-11-18 06:00:00,11.213,-1.5,92,0.0,15.0
2025-11-18 07:00:00,8.964,-1.5,90,0.0,16.2
2025-11-18 08:00:00,1.936,-1.4,90,0.0,16.7
2025-11-18 09:00:00,7.705,-0.2,89,0.0,17.7
2025-11-18 10:00:00,8.018,1.3,83,0.0,18.5
2025-11-18 11:00:00,10.032,2.1,80,0.0,17.6
2025-11-18 12:00:00,15.21,2.8,76,0.0,17.7
2025-11-18 13:00:00,16.908,2.2,80,0.0,18.3
2025-11-18 14:00:00,20.596,2.2,80,0.0,18.5
2025-11-18 15:00:00,22.28,1.8,83,0.0,16.6
2025-11-18 17:00:00,19.749,0.1,89,0.0,14.7
2025-11-18 18:00:00,18.911,-0.4,89,0.0,14.9
2025-11-18 19:00:00,24.65,0.0,89,0.0,15.3
2025-11-18 20:00:00,19.507,-0.4,89,0.0,14.9
2025-11-18 22:00:00,16.987,-1.1,86,0.0,15.8
2025-11-18 23:00:00,12.694,-1.0,82,0.0,16.5
2025-11-19 00:00:00,15.249,-0.7,77,0.0,16.9
2025-11-19 01:00:00,12.766,-0.4,76,0.0,16.7
2025-11-19 02:00:00,13.682,-0.6,76,0.0,17.5
2025-11-19 03:00:00,10.257,-0.6,78,0.0,18.9
2025-11-19 04:00:00,7.173,-0.9,81,0.0,18.6
2025-11-19 05:00:00,7.495,-1.4,82,0.0,17.0
2025-11-19 06:00:00,10.653,-1.6,83,0.0,16.1
2025-11-19 07:00:00,13.094,-1.5,84,0.0,14.5
2025-11-19 08:00:00,11.174,-1.5,86,0.0,15.4
2025-11-19 09:00:00,16.843,0.0,82,0.0,18.5
2025-11-19 10:00:00,13.739,1.2,79,0.0,20.3
2025-11-19 12:00:00,16.258,3.3,69,0.0,15.5
2025-11-19 13:00:00,13.94,3.7,70,0.0,12.0
2025-11-19 14:00:00,12.519,3.8,70,0.0,14.6
2025-11-19 15:00:00,14.172,3.5,67,0.0,14.3
2025-11-19 16:00:00,8.119,2.4,68,0.0,12.0
2025-11-19 17:00:00,7.617,1.6,70,0.0,13.7
2025-11-19 18:00:00,10.708,1.2,70,0.0,17.2
2025-11-19 19:00:00,10.756,0.9,71,0.0,14.0
2025-11-19 20:00:00,13.876,0.8,70,0.0,13.3
2025-11-19 21:00:00,11.514,0.1,71,0.0,11.7
2025-11-19 22:00:00,11.822,-0.1,71,0.0,14.8
2025-11-19 23:00:00,12.772,-0.1,69,0.0,16.8
2025-11-20 00:00:00,9.065,0.2,68,0.1,14.9
2025-11-20 01:00:00,12.786,0.2,70,0.0,12.4
2025-11-20 02:00:00,10.679,0.3,75,0.2,14.4
2025-11-20 03:00:00,9.625,0.6,73,0.0,15.7
2025-11-20 04:00:00,11.068,0.4,77,0.0,15.2
2025-11-20 05:00:00,15.003,0.3,83,0.0,16.3
2025-11-20 06:00:00,12.101,0.9,84,0.0,17.4
2025-11-20 07:00:00,8.426,1.0,84,0.0,18.3
2025-11-20 08:00:00,11.751,0.6,86,0.0,18.0
2025-11-20 09:00:00,16.38,1.5,81,0.0,19.3
2025-11-20 10:00:00,21.252,2.5,79,0.0,19.8
2025-11-20 11:00:00,21.177,3.0,75,0.0,24.4
2025-11-20 12:00:00,18.104,2.2,83,0.2,19.6
2025-11-20 14:00:00,9.535,1.0,90,0.2,17.9
2025-11-20 15:00:00,7.49,0.5,94,0.3,17.1
2025-11-20 16:00:00,6.763,0.6,93,0.1,14.9
2025-11-20 17:00:00,1.914,0.2,91,0.0,14.5
2025-11-20 18:00:00,10.471,-0.6,90,0.0,12.4
2025-11-20 19:00:00,14.991,-1.2,92,0.0,9.2
2025-11-20 20:00:00,11.893,-0.6,87,0.0,8.7
2025-11-20 21:00:00,12.472,-1.3,89,0.0,5.6
2025-11-20 22:00:00,6.842,-2.0,90,0.0,4.7
2025-11-20 23:00:00,10.244,-2.7,90,0.0,5.4
2025-11-21 00:00:00,10.365,-3.4,91,0.0,5.6
2025-11-21 01:00:00,11.047,-3.5,89,0.0,5.1
2025-11-21 02:00:00,11.8,-3.8,89,0.0,2.8
2025-11-21 03:00:00,11.73,-4.0,90,0.0,2.3
2025-11-21 04:00:00,12.059,-4.0,91,0.0,2.2
2025-11-21 05:00:00,10.109,-4.0,92,0.0,2.7
2025-11-21 06:00:00,9.144,-3.8,92,0.0,2.7
2025-11-21 07:00:00,11.868,-4.4,92,0.0,3.2
2025-11-21 08:00:00,14.398,-4.7,92,0.0,3.6
2025-11-21 10:00:00,19.402,-2.2,81,0.0,7.4
2025-11-21 11:00:00,24.043,-1.8,74,0.0,8.6
2025-11-21 12:00:00,25.504,-1.2,68,0.0,6.9
2025-11-21 13:00:00,19.529,-1.9,76,0.0,7.2
2025-11-21 14:00:00,14.033,-1.6,70,0.0,6.5
2025-11-21 15:00:00,11.202,-1.8,70,0.0,6.9
2025-11-21 16:00:00,13.91,-3.2,79,0.0,5.6
2025-11-21 17:00:00,18.657,-5.1,87,0.0,5.5
2025-11-21 18:00:00,16.353,-4.4,86,0.0,2.7
2025-11-21 19:00:00,16.28,-3.4,88,0.0,5.5
2025-11-21 20:00:00,24.728,-2.8,85,0.0,5.9
2025-11-21 21:00:00,30.249,-2.7,83,0.0,5.5
2025-11-21 22:00:00,31.469,-2.8,83,0.0,4.9
2025-11-21 23:00:00,37.677,-3.0,84,0.0,4.7
2025-11-22 00:00:00,38.069,-3.2,86,0.0,5.4
2025-11-22 01:00:00,34.105,-4.0,93,0.0,5.6
2025-11-22 02:00:00,30.527,-4.7,94,0.0,5.4
2025-11-22 03:00:00,25.034,-5.4,94,0.0,5.1
2025-11-22 04:00:00,24.492,-5.6,94,0.0,5.0
2025-11-22 05:00:00,24.401,-5.2,94,0.0,5.4
2025-11-22 06:00:00,24.123,-5.0,94,0.0,5.7
2025-11-22 07:00:00,23.331,-5.1,91,0.0,7.9
2025-11-22 08:00:00,21.374,-5.4,93,0.0,6.8
2025-11-22 09:00:00,23.732,-4.7,86,0.0,7.3
2025-11-22 10:00:00,19.844,-3.2,75,0.0,5.9
2025-11-22 11:00:00,24.626,-2.0,68,0.0,5.0
2025-11-22 12:00:00,22.054,-1.2,63,0.0,4.3
2025-11-22 13:00:00,21.36,-1.4,76,0.0,5.4
2025-11-22 14:00:00,15.398,-0.9,70,0.0,5.2
2025-11-22 15:00:00,15.558,-1.2,68,0.0,4.9
2025-11-22 16:00:00,19.929,-2.8,76,0.0,0.7
2025-11-22 17:00:00,19.603,-4.2,81,0.0,2.5
2025-11-22 18:00:00,14.128,-4.9,84,0.0,5.9
2025-11-22 19:00:00,23.632,-4.9,84,0.0,5.8
2025-11-22 20:00:00,28.486,-5.8,83,0.0,5.5
2025-11-22 22:00:00,33.787,-6.3,85,0.0,6.7
2025-11-22 23:00:00,19.521,-6.6,84,0.0,6.9
2025-11-23 00:00:00,28.041,-6.8,83,0.0,6.6
2025-11-23 01:00:00,26.559,-5.8,69,0.0,8.0
2025-11-23 02:00:00,25.495,-6.8,69,0.0,7.0
2025-11-23 03:00:00,23.256,-7.2,65,0.0,7.4
2025-11-23 04:00:00,17.138,-7.8,63,0.0,7.4
2025-11-23 05:00:00,17.587,-8.4,64,0.0,6.8
2025-11-23 06:00:00,15.867,-8.4,63,0.0,7.9
2025-11-23 07:00:00,2.121,-8.4,65,0.0,9.0
2025-11-23 08:00:00,11.376,-8.2,62,0.0,9.2
2025-11-23 09:00:00,8.99,-5.9,47,0.0,9.4
2025-11-23 10:00:00,11.024,-3.0,37,0.0,6.1
2025-11-23 11:00:00,14.104,-0.5,26,0.0,6.6
2025-11-23 12:00:00,31.122,0.9,22,0.0,8.4
2025-11-23 13:00:00,44.27,1.1,35,0.0,7.7
2025-11-23 14:00:00,59.188,1.4,33,0.0,8.9
2025-11-23 15:00:00,60.993,0.2,35,0.0,7.4
2025-11-23 16:00:00,71.801,-2.7,47,0.0,8.4
2025-11-23 17:00:00,60.148,-4.0,49,0.0,12.5
2025-11-23 18:00:00,59.461,-4.3,52,0.0,12.9
2025-11-23 19:00:00,51.307,-4.1,56,0.0,15.9
2025-11-23 22:00:00,24.254,-1.1,39,0.0,17.1
2025-11-23 23:00:00,21.038,-0.9,50,0.2,17.8
2025-11-24 00:00:00,18.792,-0.3,58,0.2,19.1
2025-11-24 01:00:00,16.126,-0.4,66,0.0,15.7
2025-11-24 02:00:00,8.798,-0.3,72,0.1,15.3
2025-11-24 03:00:00,9.327,-0.2,77,0.2,14.7
2025-11-24 04:00:00,3.998,0.0,79,0.1,14.9
2025-11-24 05:00:00,1.938,0.5,78,0.0,16.1
2025-11-24 06:00:00,17.441,0.8,80,0.0,16.2
2025-11-24 07:00:00,42.855,-0.1,82,0.0,16.4
2025-11-24 08:00:00,20.834,-0.8,87,0.0,15.4
2025-11-24 09:00:00,17.249,0.3,85,0.0,15.5
2025-11-24 10:00:00,11.872,1.6,82,0.0,16.5
2025-11-24 11:00:00,20.106,2.7,77,0.0,14.0
2025-11-24 12:00:00,18.802,3.3,73,0.0,12.2
2025-11-24 13:00:00,10.981,3.8,77,0.0,11.9
2025-11-24 14:00:00,8.093,4.1,76,0.0,11.4
2025-11-24 15:00:00,5.79,3.2,81,0.0,10.5
2025-11-24 16:00:00,8.295,2.0,89,0.0,9.4
2025-11-24 17:00:00,12.869,1.5,90,0.0,11.2
2025-11-24 18:00:00,13.931,0.8,91,0.0,10.6
2025-11-24 19:00:00,15.354,0.2,90,0.0,10.0
2025-11-24 20:00:00,16.824,0.4,92,0.0,12.1
2025-11-24 22:00:00,12.152,0.6,94,0.0,9.1
2025-11-24 23:00:00,13.624,0.2,93,0.0,7.9
2025-11-25 00:00:00,11.883,0.2,94,0.0,10.9
2025-11-25 01:00:00,11.043,-0.1,94,0.0,9.9
2025-11-25 02:00:00,8.739,0.2,94,0.0,10.0
2025-11-25 03:00:00,8.101,0.2,94,0.0,7.6
2025-11-25 04:00:00,7.79,0.4,94,0.0,7.8
2025-11-25 05:00:00,9.039,0.3,94,0.0,7.7
2025-11-25 07:00:00,11.129,-0.2,94,0.0,2.7
2025-11-25 08:00:00,11.585,-0.2,96,0.0,1.5
2025-11-25 09:00:00,14.215,0.6,95,0.0,3.9
2025-11-25 10:00:00,16.8,2.2,90,0.0,3.0
2025-11-25 11:00:00,19.465,3.2,87,0.0,3.5
2025-11-25 12:00:00,18.198,3.6,86,0.0,3.6
2025-11-25 13:00:00,20.272,3.2,85,0.0,3.6
2025-11-25 14:00:00,14.091,3.3,85,0.2,3.6
2025-11-25 15:00:00,6.723,2.1,92,0.1,3.5
2025-11-25 16:00:00,9.712,0.7,98,0.0,7.0
2025-11-25 17:00:00,13.519,-0.6,97,0.0,5.0
2025-11-25 18:00:00,15.122,0.2,97,0.0,5.6
2025-11-25 19:00:00,14.784,0.4,99,0.1,8.4
2025-11-25 20:00:00,21.694,0.1,100,0.1,7.8
2025-11-26 03:00:00,21.814,-0.4,99,0.3,14.3
2025-11-26 04:00:00,18.378,-0.7,99,0.3,14.3
2025-11-26 06:00:00,21.301,-1.1,99,0.3,12.9
2025-11-26 09:00:00,29.87,-2.0,99,0.4,12.7
2025-11-26 10:00:00,29.671,-1.9,99,0.3,11.6
2025-11-26 11:00:00,27.994,-1.8,99,0.2,13.6
2025-11-26 12:00:00,25.143,-1.6,99,0.1,13.3
2025-11-26 13:00:00,23.383,-1.2,99,0.1,12.2
2025-11-26 14:00:00,22.083,-1.2,98,0.4,13.1
2025-11-26 15:00:00,22.521,-1.2,99,0.4,15.3
2025-11-26 16:00:00,21.862,-1.1,100,0.6,16.7
2025-11-26 17:00:00,25.731,-0.9,100,0.1,15.6
2025-11-26 18:00:00,22.637,-0.5,100,0.0,13.5
2025-11-26 19:00:00,26.918,-0.2,100,0.0,13.7
2025-11-26 20:00:00,28.186,-0.1,100,0.3,13.1
2025-11-26 22:00:00,22.484,0.1,100,0.0,14.8
2025-11-26 23:00:00,15.942,0.2,100,0.0,14.5
2025-11-27 00:00:00,20.886,0.1,100,0.0,11.6
2025-11-27 01:00:00,16.263,0.0,99,0.0,8.6
2025-11-27 02:00:00,15.977,-0.6,98,0.0,8.3
2025-11-27 03:00:00,13.981,-0.6,98,0.0,9.6
2025-11-27 04:00:00,11.575,-0.6,96,0.0,10.4
2025-11-27 05:00:00,12.966,-0.9,96,0.0,10.0
2025-11-27 07:00:00,9.769,-0.9,93,0.0,11.8
2025-11-27 08:00:00,10.22,-1.4,92,0.0,13.7
2025-11-27 09:00:00,15.999,-1.6,91,0.0,12.9
2025-11-27 10:00:00,18.298,-1.0,90,0.0,12.5
2025-11-27 11:00:00,15.454,-0.4,87,0.0,15.9
2025-11-27 12:00:00,11.818,0.1,84,0.0,16.4
2025-11-27 13:00:00,14.114,0.5,81,0.0,19.5
2025-11-27 14:00:00,17.305,0.6,78,0.0,18.0
2025-11-27 15:00:00,18.935,0.3,79,0.0,14.5
2025-11-27 16:00:00,21.022,-0.2,80,0.0,14.7
2025-11-27 17:00:00,30.311,-0.7,83,0.0,15.3
2025-11-27 18:00:00,20.617,-0.9,84,0.0,15.9
2025-11-27 19:00:00,18.857,-0.6,84,0.0,17.6
2025-11-28 03:00:00,10.217,0.5,80,0.0,18.0
2025-11-28 05:00:00,13.932,0.9,83,0.0,18.1
2025-11-28 06:00:00,12.445,0.6,85,0.0,17.6
2025-11-28 08:00:00,8.236,1.2,86,0.0,17.0
2025-11-28 09:00:00,9.628,2.2,82,0.0,16.9
2025-11-28 16:00:00,13.471,3.0,90,0.0,14.3
2025-11-28 17:00:00,12.145,2.3,91,0.0,14.9
2025-11-28 19:00:00,24.297,2.7,92,0.0,16.8
2025-11-29 10:00:00,7.343,4.3,92,0.0,10.6
2025-11-30 00:00:00,20.023,4.0,96,0.0,13.1
2025-11-30 15:00:00,6.758,8.0,78,0.0,9.9
2025-11-30 18:00:00,17.818,5.6,83,0.2,10.1
2025-11-30 19:00:00,12.639,4.5,91,0.6,7.8
2025-12-01 03:00:00,4.986,3.9,96,0.0,11.3
2025-12-01 04:00:00,8.273,3.8,97,0.0,10.3
2025-12-01 05:00:00,9.241,3.7,97,0.0,9.8
2025-12-01 06:00:00,1.844,3.7,97,0.0,8.2
2025-12-01 08:00:00,17.36,3.4,98,0.0,8.5
2025-12-01 09:00:00,15.214,2.9,96,0.1,13.4
2025-12-01 10:00:00,17.889,2.5,91,0.0,11.6
2025-12-01 11:00:00,8.831,2.9,84,0.0,11.9
2025-12-01 12:00:00,8.976,3.5,76,0.0,13.9
2025-12-01 13:00:00,16.606,3.8,69,0.0,12.0
2025-12-01 14:00:00,17.436,3.9,68,0.0,10.8
2025-12-01 15:00:00,20.906,3.5,71,0.0,8.0
2025-12-01 16:00:00,20.687,1.1,85,0.0,5.2
2025-12-01 17:00:00,30.379,0.1,85,0.0,6.2
2025-12-01 18:00:00,43.989,-0.3,86,0.0,7.4
2025-12-01 20:00:00,32.483,-1.4,88,0.0,6.9
2025-12-02 02:00:00,16.007,-1.2,88,0.0,5.8
2025-12-02 07:00:00,28.6,1.4,92,0.0,6.6
2025-12-02 08:00:00,22.748,1.8,90,0.0,6.7
2025-12-02 09:00:00,15.984,2.5,88,0.0,7.4
2025-12-02 10:00:00,20.673,3.3,84,0.0,8.7
2025-12-02 11:00:00,25.674,4.3,79,0.0,7.6
2025-12-02 12:00:00,20.797,5.3,74,0.0,9.3
2025-12-02 13:00:00,26.946,6.2,69,0.0,11.0
2025-12-02 14:00:00,26.571,6.2,67,0.0,10.1
2025-12-02 15:00:00,23.922,5.2,72,0.0,7.7
2025-12-02 16:00:00,24.154,2.2,84,0.0,7.2
2025-12-02 17:00:00,36.089,1.0,85,0.0,8.1
2025-12-02 18:00:00,47.144,0.1,87,0.0,9.8
2025-12-02 19:00:00,45.797,-0.2,88,0.0,11.3
2025-12-02 20:00:00,29.982,-0.4,91,0.0,10.9
2025-12-02 21:00:00,29.129,-0.5,92,0.0,10.9
2025-12-02 22:00:00,22.581,-0.7,93,0.0,11.4
2025-12-02 23:00:00,19.713,-0.2,92,0.0,10.8
2025-12-03 00:00:00,17.563,0.5,89,0.0,8.5
2025-12-03 01:00:00,14.781,0.3,83,0.0,7.2
2025-12-03 02:00:00,10.98,0.7,81,0.0,8.0
2025-12-03 03:00:00,12.605,1.2,79,0.0,9.2
2025-12-03 04:00:00,13.59,1.5,82,0.0,10.7
2025-12-03 05:00:00,12.292,1.9,81,0.0,12.1
2025-12-03 06:00:00,13.59,1.6,82,0.0,12.1
2025-12-03 07:00:00,12.54,1.4,83,0.0,9.5
2025-12-03 08:00:00,16.38,1.5,81,0.0,9.2
2025-12-03 09:00:00,20.299,2.0,80,0.0,9.8
2025-12-03 10:00:00,25.993,2.8,76,0.0,9.1
2025-12-03 11:00:00,28.266,4.4,69,0.0,8.4
2025-12-03 12:00:00,23.892,5.3,66,0.0,6.5
2025-12-03 13:00:00,21.153,5.0,73,0.0,3.6
2025-12-03 14:00:00,20.57,4.8,75,0.0,3.1
2025-12-03 15:00:00,24.905,4.2,81,0.0,3.1
2025-12-03 16:00:00,23.992,2.7,84,0.0,5.6
2025-12-03 17:00:00,26.698,2.0,83,0.0,8.0
2025-12-03 18:00:00,26.692,0.8,86,0.0,9.7
2025-12-03 19:00:00,32.925,-0.4,88,0.0,10.3
2025-12-03 20:00:00,38.799,-1.4,89,0.0,8.6
2025-12-03 21:00:00,24.607,-2.0,90,0.0,8.6
2025-12-03 22:00:00,21.811,-2.0,90,0.0,8.4
2025-12-03 23:00:00,19.255,-1.8,90,0.0,7.6
2025-12-04 00:00:00,13.02,-1.9,90,0.0,6.1
2025-12-04 01:00:00,15.498,-2.3,89,0.0,5.0
2025-12-04 02:00:00,16.5,-2.8,90,0.0,5.3
2025-12-04 03:00:00,23.858,-2.8,91,0.0,6.0
2025-12-04 04:00:00,19.811,-2.8,92,0.0,6.2
2025-12-04 05:00:00,18.142,-2.5,92,0.0,6.3
2025-12-04 07:00:00,21.921,-2.4,90,0.0,7.3
2025-12-04 08:00:00,28.066,-2.4,91,0.0,8.2
2025-12-04 09:00:00,28.535,-1.0,88,0.0,8.4
2025-12-04 10:00:00,17.866,1.0,79,0.0,7.2
2025-12-04 11:00:00,12.514,2.6,74,0.0,2.6
2025-12-04 12:00:00,24.579,3.5,73,0.0,1.5
2025-12-04 15:00:00,12.999,2.2,78,0.0,2.1
2025-12-04 17:00:00,20.024,-1.1,90,0.0,5.2
2025-12-04 18:00:00,20.109,-1.0,91,0.0,5.2
2025-12-04 19:00:00,23.246,-1.0,92,0.0,4.8
2025-12-04 20:00:00,24.185,-0.9,94,0.0,5.5
2025-12-04 21:00:00,19.845,-0.2,93,0.0,5.2
2025-12-04 22:00:00,20.766,-0.2,93,0.0,5.2
2025-12-04 23:00:00,16.756,-0.1,93,0.0,4.2
2025-12-05 00:00:00,15.834,0.2,93,0.0,2.7
2025-12-05 01:00:00,19.922,-0.6,95,0.0,3.6
2025-12-05 02:00:00,22.031,-0.9,96,0.0,3.2
2025-12-05 03:00:00,22.446,-0.8,96,0.0,2.3
2025-12-05 04:00:00,20.33,-0.6,96,0.1,1.1
2025-12-05 05:00:00,20.352,-0.3,96,0.2,1.7
2025-12-05 07:00:00,17.73,-0.2,97,0.4,4.1
2025-12-05 08:00:00,22.873,-0.1,96,0.1,4.0
2025-12-05 09:00:00,24.296,0.2,95,0.1,6.1
2025-12-05 10:00:00,24.749,0.8,91,0.0,5.4
2025-12-05 11:00:00,25.623,1.5,86,0.0,6.3
2025-12-05 12:00:00,26.172,1.9,85,0.0,7.5
2025-12-05 13:00:00,20.8,2.0,88,0.0,9.8
2025-12-05 14:00:00,23.473,2.3,86,0.0,10.8
2025-12-05 15:00:00,29.64,1.9,88,0.0,8.1
2025-12-05 16:00:00,27.449,0.0,93,0.0,5.5
2025-12-05 17:00:00,22.676,-0.6,93,0.0,7.2
2025-12-05 18:00:00,21.617,0.1,91,0.0,10.2
2025-12-05 19:00:00,24.116,0.8,92,0.0,11.0
2025-12-05 20:00:00,29.857,0.4,93,0.0,11.8
2025-12-05 21:00:00,19.351,-0.3,95,0.0,13.1
2025-12-05 22:00:00,15.469,-0.4,96,0.0,12.6
2025-12-05 23:00:00,15.278,-0.3,96,0.0,11.8
2025-12-06 00:00:00,18.904,-0.2,95,0.0,11.1
2025-12-06 01:00:00,16.755,0.2,94,0.0,11.7
2025-12-06 02:00:00,16.985,0.2,94,0.0,12.1
2025-12-06 03:00:00,14.378,0.1,93,0.0,12.5
2025-12-06 04:00:00,14.628,0.1,94,0.0,10.7
2025-12-06 05:00:00,12.016,0.3,94,0.0,10.4
2025-12-06 06:00:00,7.34,0.1,94,0.0,7.9
2025-12-06 07:00:00,4.621,0.2,92,0.0,7.2
2025-12-06 08:00:00,5.268,-0.1,92,0.0,9.6
2025-12-06 09:00:00,10.062,1.1,91,0.0,13.8
2025-12-06 10:00:00,18.828,2.5,86,0.0,12.7
2025-12-06 11:00:00,14.042,3.8,80,0.0,11.6
2025-12-06 12:00:00,11.479,4.8,76,0.0,11.9
2025-12-06 13:00:00,9.52,5.6,71,0.0,15.0
2025-12-06 14:00:00,8.843,5.0,70,0.0,18.4
2025-12-06 15:00:00,13.12,4.5,72,0.0,12.3
2025-12-06 16:00:00,16.018,3.2,78,0.0,9.0
2025-12-06 17:00:00,17.145,2.1,83,0.0,11.7
2025-12-06 18:00:00,19.166,3.2,83,0.0,18.0
2025-12-06 19:00:00,19.621,3.3,88,0.0,19.1
2025-12-06 20:00:00,13.925,4.0,86,0.0,20.3
2025-12-06 21:00:00,16.332,5.2,85,0.0,20.3
2025-12-06 22:00:00,11.659,4.4,89,0.0,19.8
2025-12-06 23:00:00,6.917,4.6,89,0.0,18.2
2025-12-07 00:00:00,9.001,4.6,90,0.0,17.4
2025-12-07 01:00:00,9.286,4.8,92,0.0,17.9
2025-12-07 02:00:00,6.239,5.1,92,0.0,17.7
2025-12-07 03:00:00,9.403,4.8,93,0.0,17.1
2025-12-07 04:00:00,6.536,5.0,94,0.0,16.8
2025-12-07 05:00:00,6.302,4.8,94,0.0,16.7
2025-12-07 06:00:00,6.891,4.6,94,0.0,17.6
2025-12-07 07:00:00,6.244,5.2,95,0.0,16.7
2025-12-07 08:00:00,1.833,5.0,95,0.0,15.7
2025-12-07 09:00:00,6.723,5.8,93,0.0,17.7
2025-12-07 10:00:00,7.502,6.6,90,0.0,18.9
2025-12-07 11:00:00,8.781,7.4,87,0.0,19.5
2025-12-07 12:00:00,7.308,8.1,81,0.0,20.7
2025-12-07 13:00:00,8.577,7.4,90,0.0,14.2
2025-12-07 14:00:00,10.504,7.8,86,0.0,11.6
2025-12-07 15:00:00,10.125,7.4,85,0.0,10.5
2025-12-07 16:00:00,9.941,6.3,88,0.0,10.2
2025-12-07 17:00:00,11.619,5.9,91,0.0,11.6
2025-12-07 18:00:00,12.721,5.6,91,0.0,13.1
2025-12-07 19:00:00,11.241,5.6,94,0.0,15.1
2025-12-07 20:00:00,15.16,6.2,94,0.0,16.0
2025-12-07 21:00:00,8.427,6.9,93,0.0,17.9
2025-12-07 22:00:00,4.101,7.1,92,0.0,16.6
2025-12-07 23:00:00,5.59,7.4,91,0.0,17.4
2025-12-08 00:00:00,3.758,7.7,89,0.1,18.1
2025-12-08 01:00:00,6.318,7.5,93,0.6,19.4
2025-12-08 02:00:00,5.997,7.7,93,1.1,20.2
2025-12-08 03:00:00,4.775,7.9,93,1.5,22.1
2025-12-08 04:00:00,3.611,8.6,92,0.7,24.6
2025-12-08 07:00:00,1.772,8.6,96,0.0,14.9
2025-12-08 08:00:00,5.886,8.5,95,0.0,17.2
2025-12-08 09:00:00,8.459,9.1,95,0.0,19.4
2025-12-08 10:00:00,1.772,10.0,94,0.0,18.8
2025-12-08 11:00:00,11.631,11.2,92,0.0,19.6
2025-12-08 12:00:00,11.036,12.0,91,0.0,16.0
2025-12-08 13:00:00,10.908,12.8,86,0.0,18.5
2025-12-08 14:00:00,6.866,12.8,86,0.0,16.0
2025-12-08 15:00:00,5.016,12.1,89,0.0,15.2
2025-12-08 16:00:00,4.614,11.8,92,0.0,18.7
2025-12-08 17:00:00,4.973,11.6,91,0.0,19.2
2025-12-08 18:00:00,4.818,11.1,91,0.0,19.5
2025-12-08 19:00:00,7.902,10.9,94,0.0,18.6
2025-12-08 20:00:00,9.617,10.7,95,0.0,18.0
2025-12-08 21:00:00,4.075,10.5,95,0.0,18.1
2025-12-08 22:00:00,3.974,10.6,95,0.0,18.5
2025-12-08 23:00:00,4.652,10.6,94,0.0,19.3
2025-12-09 00:00:00,1.745,10.8,94,0.0,20.8
2025-12-09 02:00:00,6.82,11.0,95,0.0,19.3
2025-12-09 03:00:00,5.226,10.9,94,0.2,20.1
2025-12-09 04:00:00,3.845,10.6,95,0.2,21.7
2025-12-09 05:00:00,5.066,10.1,96,0.0,21.0
2025-12-09 07:00:00,7.789,9.6,97,0.0,16.7
2025-12-09 08:00:00,12.496,9.2,98,0.0,16.7
2025-12-09 09:00:00,11.786,9.2,96,0.0,17.7
2025-12-09 10:00:00,12.74,10.2,90,0.0,17.4
2025-12-09 11:00:00,10.349,11.4,82,0.0,16.0
2025-12-09 12:00:00,5.828,12.4,77,0.0,12.2
2025-12-09 13:00:00,8.853,13.2,72,0.0,11.7
2025-12-09 14:00:00,12.232,13.3,71,0.0,12.7
2025-12-09 15:00:00,14.148,12.2,73,0.0,10.7
2025-12-09 16:00:00,13.391,11.5,75,0.0,13.5
2025-12-09 17:00:00,20.803,11.0,76,0.0,17.1
2025-12-09 18:00:00,28.27,10.9,76,0.0,16.5
2025-12-09 19:00:00,11.629,11.4,74,0.0,15.9
2025-12-09 20:00:00,10.836,11.6,74,0.0,17.4
2025-12-09 21:00:00,11.084,11.4,75,0.0,17.3
2025-12-09 22:00:00,10.026,11.2,75,0.0,18.2
2025-12-09 23:00:00,4.605,11.1,73,0.0,18.7
2025-12-10 00:00:00,6.744,10.2,75,0.0,18.7
2025-12-10 01:00:00,10.411,10.1,76,0.0,19.1
2025-12-10 02:00:00,4.56,9.8,76,0.0,18.1
2025-12-10 04:00:00,1.808,9.2,75,0.0,19.9
2025-12-10 05:00:00,5.341,9.1,73,0.0,20.8
2025-12-10 07:00:00,6.553,8.6,78,0.0,18.8
2025-12-10 08:00:00,6.725,8.2,81,0.0,18.7
2025-12-10 09:00:00,12.563,8.5,80,0.0,18.8
2025-12-10 10:00:00,18.859,9.4,77,0.0,18.9
2025-12-10 11:00:00,17.84,10.4,74,0.0,18.2
2025-12-10 12:00:00,18.518,10.9,74,0.0,17.6
2025-12-10 13:00:00,20.895,10.6,77,0.0,15.3
2025-12-10 14:00:00,22.083,10.2,79,0.0,14.8
2025-12-10 15:00:00,17.394,9.7,81,0.0,15.6
2025-12-10 16:00:00,17.652,9.2,84,0.0,14.7
2025-12-10 17:00:00,16.346,8.7,86,0.0,14.6
2025-12-10 18:00:00,14.175,8.6,87,0.0,14.0
2025-12-10 19:00:00,13.823,8.9,90,0.0,13.8
2025-12-10 20:00:00,13.862,8.8,90,0.1,15.4
2025-12-10 21:00:00,13.852,8.6,90,0.1,16.0
2025-12-10 22:00:00,12.19,8.4,93,0.3,15.7
2025-12-10 23:00:00,11.453,8.1,96,0.7,15.4
2025-12-11 00:00:00,1.77,8.1,96,0.2,15.8
2025-12-11 01:00:00,8.18,8.1,95,0.1,15.8
2025-12-11 02:00:00,5.774,8.1,94,0.0,15.5
2025-12-11 03:00:00,6.363,7.9,95,0.0,15.0
2025-12-11 04:00:00,4.887,7.6,96,0.0,14.6
2025-12-11 05:00:00,6.374,7.5,97,0.0,13.8
2025-12-11 06:00:00,6.623,7.2,97,0.0,14.0
2025-12-11 07:00:00,8.732,7.0,99,0.0,13.7
2025-12-11 09:00:00,12.661,7.1,98,0.0,14.0
2025-12-11 10:00:00,12.193,7.4,94,0.0,14.7
2025-12-11 11:00:00,12.496,7.8,90,0.0,15.1
2025-12-11 12:00:00,17.278,8.4,83,0.0,14.1
2025-12-11 13:00:00,11.25,9.2,81,0.0,11.4
2025-12-11 14:00:00,9.225,9.3,78,0.0,12.0
2025-12-11 15:00:00,12.617,8.5,82,0.0,8.7
2025-12-11 16:00:00,13.866,6.4,91,0.0,7.7
2025-12-11 17:00:00,22.391,5.9,91,0.0,10.6
2025-12-11 18:00:00,23.562,5.5,90,0.0,12.4
2025-12-11 19:00:00,30.796,5.2,90,0.0,11.7
2025-12-11 20:00:00,32.467,4.8,91,0.0,12.9
2025-12-11 21:00:00,33.029,4.4,89,0.0,12.1
2025-12-11 22:00:00,15.672,4.3,90,0.0,14.0
2025-12-11 23:00:00,15.184,4.2,92,0.0,12.9
2025-12-12 00:00:00,23.079,4.0,92,0.0,12.8
2025-12-12 01:00:00,25.746,3.0,93,0.0,11.6
2025-12-12 02:00:00,15.97,2.2,93,0.0,8.5
2025-12-12 03:00:00,13.948,1.4,93,0.0,6.8
2025-12-12 04:00:00,13.044,1.1,91,0.0,6.5
2025-12-12 05:00:00,16.778,1.5,91,0.0,9.3
2025-12-12 06:00:00,12.303,1.5,90,0.0,9.0
2025-12-12 07:00:00,20.165,1.6,88,0.0,7.2
2025-12-12 08:00:00,26.172,1.2,86,0.0,7.3
2025-12-12 09:00:00,23.259,1.6,84,0.0,7.9
2025-12-12 10:00:00,16.879,3.7,79,0.0,8.0
2025-12-12 11:00:00,15.643,5.2,70,0.0,6.3
2025-12-12 12:00:00,16.805,5.9,71,0.0,5.0
2025-12-12 15:00:00,16.943,5.9,83,0.0,4.5
2025-12-12 17:00:00,21.535,3.0,89,0.0,2.7
2025-12-12 18:00:00,26.897,2.5,90,0.0,2.5
2025-12-12 19:00:00,25.607,2.2,94,0.0,4.1
2025-12-12 20:00:00,14.227,0.9,96,0.0,5.4
2025-12-12 21:00:00,10.486,-0.2,96,0.0,4.2
2025-12-12 22:00:00,24.952,-0.1,93,0.0,5.9
2025-12-12 23:00:00,21.346,0.2,92,0.0,7.4
2025-12-13 00:00:00,29.175,0.7,91,0.0,8.2
2025-12-13 01:00:00,19.522,1.1,90,0.0,7.5
2025-12-13 02:00:00,17.444,1.2,91,0.0,8.4
2025-12-13 03:00:00,17.12,0.9,92,0.0,8.4
2025-12-13 04:00:00,11.433,0.6,92,0.0,7.7
2025-12-13 05:00:00,6.392,0.7,92,0.0,8.0
2025-12-13 06:00:00,6.51,1.0,92,0.0,8.8
2025-12-13 08:00:00,11.096,1.5,92,0.0,8.3
2025-12-13 09:00:00,9.474,2.1,93,0.0,9.8
2025-12-13 10:00:00,14.045,3.5,91,0.0,10.2
2025-12-13 12:00:00,12.829,5.9,87,0.0,10.9
2025-12-13 13:00:00,7.947,5.8,88,0.0,10.0
2025-12-13 14:00:00,9.726,6.0,87,0.0,9.3
2025-12-13 15:00:00,9.73,5.4,91,0.0,8.3
2025-12-13 16:00:00,11.879,3.8,95,0.0,8.1
2025-12-13 17:00:00,15.945,3.2,96,0.0,8.0
2025-12-13 18:00:00,15.655,2.8,97,0.0,8.9
2025-12-13 19:00:00,14.055,2.5,96,0.0,10.9
2025-12-13 20:00:00,18.118,2.2,98,0.0,10.7
2025-12-13 21:00:00,14.694,2.4,99,0.0,11.0
2025-12-13 22:00:00,15.406,2.7,98,0.0,10.3
2025-12-13 23:00:00,10.222,2.6,98,0.0,10.4
2025-12-14 00:00:00,11.412,2.5,99,0.0,10.7
2025-12-14 01:00:00,11.322,2.8,98,0.0,10.8
2025-12-14 02:00:00,7.464,2.8,97,0.0,9.9
2025-12-14 03:00:00,5.3,3.0,97,0.0,9.1
2025-12-14 04:00:00,3.895,3.0,97,0.0,9.7
2025-12-14 05:00:00,12.548,3.0,96,0.0,9.1
2025-12-14 06:00:00,7.723,3.0,95,0.0,9.5
2025-12-14 07:00:00,7.798,2.5,94,0.0,9.5
2025-12-14 08:00:00,6.236,2.3,95,0.0,9.3
2025-12-14 09:00:00,8.728,2.5,94,0.0,9.9
2025-12-14 10:00:00,6.977,3.2,92,0.0,10.8
2025-12-14 11:00:00,1.871,3.8,89,0.0,13.1
2025-12-14 12:00:00,8.335,4.6,87,0.0,14.9
2025-12-14 13:00:00,8.16,3.8,88,0.0,13.7
2025-12-14 14:00:00,7.728,4.3,86,0.0,13.8
2025-12-14 15:00:00,13.641,4.2,86,0.0,11.1
2025-12-14 16:00:00,14.351,3.5,90,0.0,9.7
2025-12-14 17:00:00,13.43,2.7,93,0.0,9.5
2025-12-14 18:00:00,13.183,2.0,95,0.0,8.6
2025-12-14 19:00:00,14.022,1.5,96,0.0,7.2
2025-12-14 20:00:00,12.529,1.1,96,0.0,8.4
2025-12-14 22:00:00,13.73,1.0,96,0.0,10.6
2025-12-15 00:00:00,11.702,0.9,95,0.0,9.4
2025-12-15 01:00:00,10.193,0.6,96,0.0,9.0
2025-12-15 02:00:00,7.883,0.3,96,0.0,8.0
2025-12-15 03:00:00,10.039,-0.2,95,0.0,8.6
2025-12-15 04:00:00,10.758,-0.4,94,0.0,8.5
2025-12-15 05:00:00,8.819,-0.7,93,0.0,7.6
2025-12-15 08:00:00,13.918,-1.0,93,0.0,11.7
2025-12-15 09:00:00,18.367,-0.3,93,0.0,12.6
2025-12-15 10:00:00,18.392,2.0,85,0.0,11.6
2025-12-15 11:00:00,20.683,4.6,79,0.0,9.8
2025-12-15 12:00:00,18.687,7.2,69,0.0,9.5
2025-12-15 13:00:00,22.272,8.2,63,0.0,6.7
2025-12-15 14:00:00,21.765,8.2,55,0.0,7.9
2025-12-15 15:00:00,18.323,5.4,65,0.0,7.1
2025-12-15 16:00:00,19.344,2.3,73,0.0,8.7
2025-12-15 17:00:00,30.533,1.2,78,0.0,10.9
2025-12-15 18:00:00,34.397,0.8,81,0.0,11.5
2025-12-15 19:00:00,26.936,1.3,80,0.0,11.9
2025-12-15 20:00:00,28.519,1.5,80,0.0,12.5
2025-12-15 21:00:00,27.054,1.1,83,0.0,13.3
2025-12-15 22:00:00,20.994,0.9,85,0.0,14.5
2025-12-15 23:00:00,18.113,0.9,84,0.0,14.6
2025-12-16 00:00:00,14.466,0.7,85,0.0,13.8
2025-12-16 01:00:00,17.866,0.1,89,0.0,11.5
2025-12-16 02:00:00,14.747,-0.5,92,0.0,11.9
2025-12-16 03:00:00,7.095,0.1,88,0.0,14.4
2025-12-16 04:00:00,8.386,0.2,87,0.0,15.1
2025-12-16 05:00:00,9.905,1.0,81,0.0,15.3
2025-12-16 06:00:00,10.632,1.1,80,0.0,14.7
2025-12-16 07:00:00,1.95,0.2,84,0.0,15.7
2025-12-16 08:00:00,19.725,0.3,81,0.0,15.3
2025-12-16 09:00:00,18.651,1.6,72,0.0,15.7
2025-12-16 10:00:00,14.152,3.7,62,0.0,14.8
2025-12-16 11:00:00,15.918,5.4,55,0.0,10.5
2025-12-16 12:00:00,16.032,6.8,50,0.0,7.3
2025-12-16 13:00:00,14.398,6.8,54,0.0,8.5
2025-12-16 14:00:00,9.003,6.9,44,0.0,5.4
2025-12-16 15:00:00,6.593,4.7,50,0.0,8.6
2025-12-16 16:00:00,13.178,2.0,60,0.0,10.5
2025-12-16 17:00:00,17.569,0.2,70,0.0,9.5
2025-12-16 18:00:00,27.077,-0.8,75,0.0,10.6
2025-12-16 22:00:00,17.178,-1.5,79,0.0,8.7
2025-12-16 23:00:00,15.597,-1.8,81,0.0,7.9
2025-12-17 00:00:00,15.55,-1.4,77,0.0,8.7
2025-12-17 01:00:00,15.166,-1.0,77,0.0,6.9
2025-12-17 03:00:00,17.818,-1.8,83,0.0,6.8
2025-12-17 04:00:00,22.566,-2.0,86,0.0,5.8
2025-12-17 05:00:00,22.042,-1.5,85,0.0,7.2
2025-12-17 07:00:00,18.051,-0.2,82,0.0,12.9
2025-12-17 08:00:00,21.291,0.0,81,0.0,14.7
2025-12-17 09:00:00,24.546,0.9,77,0.0,15.4
2025-12-17 10:00:00,22.647,2.8,66,0.0,15.6
2025-12-17 11:00:00,22.056,4.2,60,0.0,12.2
2025-12-17 17:00:00,24.321,3.0,85,0.0,13.7
2025-12-17 18:00:00,29.902,2.5,89,0.0,13.9
2025-12-17 19:00:00,31.085,2.6,92,0.0,14.5
2025-12-17 20:00:00,30.676,2.3,94,0.0,14.4
2025-12-17 21:00:00,17.53,2.0,95,0.0,13.8
2025-12-17 22:00:00,17.909,2.0,95,0.0,14.2
2025-12-17 23:00:00,16.297,2.2,95,0.0,13.8
2025-12-18 00:00:00,15.943,2.2,96,0.0,13.2
2025-12-18 01:00:00,14.998,2.2,95,0.0,10.9
2025-12-18 02:00:00,15.854,2.0,96,0.0,11.1
2025-12-18 03:00:00,12.925,1.7,96,0.0,11.3
2025-12-18 04:00:00,13.901,1.8,96,0.0,12.1
2025-12-18 05:00:00,13.468,2.4,96,0.0,13.2
2025-12-18 07:00:00,14.802,2.8,95,0.0,13.0
2025-12-18 08:00:00,16.705,3.5,94,0.0,14.2
2025-12-18 09:00:00,19.402,4.4,92,0.0,15.4
2025-12-18 16:00:00,15.594,6.9,80,0.0,13.6
2025-12-18 17:00:00,20.43,6.0,82,0.0,16.3
2025-12-18 18:00:00,23.677,5.7,82,0.0,17.5
2025-12-18 19:00:00,23.392,5.8,83,0.0,18.3
2025-12-18 20:00:00,26.016,5.8,83,0.0,18.8
2025-12-18 21:00:00,24.157,5.8,82,0.0,19.1
2025-12-18 22:00:00,20.35,6.1,79,0.0,18.1
2025-12-18 23:00:00,16.979,6.2,77,0.0,17.3
2025-12-19 00:00:00,16.166,6.2,75,0.0,17.8
2025-12-19 01:00:00,12.205,6.1,72,0.0,16.2
2025-12-19 02:00:00,8.733,7.1,67,0.0,18.2
2025-12-19 03:00:00,9.148,7.1,66,0.0,16.7
2025-12-19 04:00:00,8.443,6.5,69,0.0,16.1
2025-12-19 05:00:00,5.045,6.2,71,0.0,17.0
2025-12-19 07:00:00,8.368,6.1,69,0.0,15.3
2025-12-19 08:00:00,11.366,6.3,68,0.0,15.9
2025-12-19 09:00:00,8.877,6.3,68,0.0,15.8
2025-12-19 10:00:00,15.705,8.1,63,0.0,16.2
2025-12-19 11:00:00,17.85,9.5,60,0.0,15.9
2025-12-19 12:00:00,18.718,10.1,58,0.0,15.7
2025-12-19 13:00:00,21.438,10.7,60,0.0,15.4
2025-12-19 14:00:00,25.933,9.7,64,0.0,15.4
2025-12-19 15:00:00,31.171,9.0,67,0.0,14.2
2025-12-19 16:00:00,33.091,8.4,71,0.0,14.4
2025-12-19 17:00:00,28.552,8.1,74,0.0,14.0
2025-12-19 18:00:00,26.735,8.3,74,0.0,13.7
2025-12-19 19:00:00,30.437,7.6,78,0.0,13.9
2025-12-19 20:00:00,26.093,7.4,78,0.0,14.2
2025-12-19 21:00:00,23.057,7.1,81,0.0,12.9
2025-12-19 22:00:00,24.699,7.8,79,0.1,12.1
2025-12-19 23:00:00,20.475,7.6,82,0.1,11.8
2025-12-20 01:00:00,12.369,6.7,93,0.1,10.2
2025-12-20 02:00:00,15.845,6.5,94,0.3,8.6
2025-12-20 03:00:00,14.027,6.3,94,0.1,8.8
2025-12-20 04:00:00,10.966,6.3,93,0.2,9.2
2025-12-20 05:00:00,9.608,6.2,94,0.0,6.5
2025-12-20 06:00:00,7.608,6.0,95,0.0,5.8
2025-12-20 07:00:00,7.938,4.7,95,0.0,3.1
2025-12-20 08:00:00,11.259,5.2,93,0.0,2.2
2025-12-20 09:00:00,13.203,6.1,91,0.0,2.7
2025-12-20 10:00:00,13.603,6.9,93,0.0,3.5
2025-12-20 11:00:00,13.68,7.8,91,0.0,4.6
2025-12-20 12:00:00,12.996,8.5,86,0.0,4.6
2025-12-20 13:00:00,12.788,8.6,82,0.0,4.1
2025-12-20 14:00:00,10.709,8.6,81,0.0,4.5
2025-12-20 15:00:00,14.965,7.8,87,0.0,4.4
2025-12-20 16:00:00,17.489,6.9,92,0.0,8.1
2025-12-20 17:00:00,15.463,6.6,92,0.0,7.6
2025-12-20 18:00:00,24.651,6.1,93,0.0,7.3
2025-12-20 19:00:00,23.174,6.1,94,0.0,8.3
2025-12-20 20:00:00,27.298,5.9,92,0.0,8.6
2025-12-20 21:00:00,24.997,5.6,92,0.0,7.6
2025-12-20 22:00:00,22.89,5.6,91,0.0,8.6
2025-12-20 23:00:00,22.264,5.3,90,0.0,5.6
2025-12-21 00:00:00,14.708,4.8,87,0.0,2.2
2025-12-21 01:00:00,17.085,4.8,94,0.0,7.8
2025-12-21 02:00:00,16.822,4.8,94,0.0,10.6
2025-12-21 03:00:00,15.799,4.4,93,0.0,10.1
2025-12-21 04:00:00,12.035,3.7,92,0.0,9.0
2025-12-21 05:00:00,15.618,3.0,91,0.0,9.7
2025-12-21 06:00:00,15.862,2.8,89,0.0,10.2
2025-12-21 07:00:00,8.936,2.3,90,0.0,10.4
2025-12-21 08:00:00,5.636,2.2,89,0.0,10.6
2025-12-21 09:00:00,6.304,3.4,81,0.0,12.2
2025-12-21 10:00:00,8.294,5.8,72,0.0,13.3
2025-12-21 11:00:00,12.522,7.8,65,0.0,11.2
2025-12-21 12:00:00,13.626,8.9,61,0.0,10.1
2025-12-21 13:00:00,15.089,9.4,62,0.0,6.0
2025-12-21 14:00:00,17.038,8.9,63,0.0,8.6
2025-12-21 15:00:00,14.121,7.6,65,0.0,9.9
2025-12-21 16:00:00,6.408,5.3,71,0.0,9.0
2025-12-21 18:00:00,8.26,3.7,75,0.0,9.8
2025-12-21 19:00:00,11.616,4.0,74,0.0,10.4
2025-12-21 20:00:00,13.885,3.6,78,0.0,11.7
2025-12-21 21:00:00,15.653,3.2,83,0.0,14.1
2025-12-21 22:00:00,7.925,3.0,88,0.0,16.5
2025-12-21 23:00:00,14.726,3.0,87,0.0,16.7
2025-12-22 00:00:00,14.339,2.7,87,0.0,16.8
2025-12-22 01:00:00,14.681,2.4,85,0.0,15.5
2025-12-22 02:00:00,8.22,2.2,86,0.0,14.4
2025-12-22 03:00:00,9.744,2.2,89,0.0,12.3
2025-12-22 04:00:00,7.837,2.2,90,0.0,9.2
2025-12-22 05:00:00,7.581,2.2,91,0.0,8.7
2025-12-22 07:00:00,1.9,1.8,90,0.0,13.6
2025-12-22 08:00:00,6.126,1.9,90,0.0,13.1
2025-12-22 09:00:00,12.128,2.5,90,0.0,14.9
2025-12-22 10:00:00,12.678,3.0,89,0.0,14.1
2025-12-22 11:00:00,13.248,3.0,88,0.0,14.4
2025-12-22 12:00:00,10.455,3.0,87,0.0,13.8
2025-12-22 13:00:00,12.932,2.7,87,0.0,15.8
2025-12-22 14:00:00,15.593,2.8,86,0.0,16.2
